ph	site
6.92357577645014	1
7.170891484046063	2
5.376235973395036	3
5.651397777845735	4
8.18545468217459	5
5.369800562537283	6
5.271799355924963	7
6.433621950141143	8
5.782915386821462	9
7.64922698425134	10
